{"cameraMode":{"drawMode":31,"name":"Sprite Mask","section":"Miscellaneous"},"sceneLighting":false,"audioPlay":false,"sceneViewState":{"showFog":true,"showMaterialUpdate":true,"showSkybox":true,"showFlares":false,"showImageEffects":false,"showParticleSystems":false},"in2DMode":false,"pivot":{"x":11.022159576416016,"y":-2.3535852432250978,"z":-29.73184585571289},"rotation":{"x":0.2485676258802414,"y":-0.06041151285171509,"z":0.015535032376646996,"w":0.9666039943695068},"size":52.40916442871094,"orthographic":false}